{
  "Ansi 6 Color" : {
    "Red Component" : 0.337254901961,
    "Color Space" : "Calibrated",
    "Blue Component" : 0.76078431372499999,
    "Alpha Component" : 1,
    "Green Component" : 0.71372549019599996
  },
  "Tags" : [

  ],
  "Ansi 12 Color" : {
    "Red Component" : 0.42868375778198242,
    "Color Space" : "sRGB",
    "Blue Component" : 1,
    "Alpha Component" : 1,
    "Green Component" : 0.76527317180189991
  },
  "Ansi 7 Color" : {
    "Red Component" : 0.86274509803900001,
    "Color Space" : "Calibrated",
    "Blue Component" : 0.89411764705899999,
    "Alpha Component" : 1,
    "Green Component" : 0.87450980392199995
  },
  "Draw Powerline Glyphs" : false,
  "Bold Color" : {
    "Red Component" : 0.67058825492858887,
    "Color Space" : "Calibrated",
    "Blue Component" : 0.74901962280273438,
    "Alpha Component" : 1,
    "Green Component" : 0.69803923368453979
  },
  "Ansi 8 Color" : {
    "Red Component" : 0.15686274509799999,
    "Color Space" : "Calibrated",
    "Blue Component" : 0.203921568627,
    "Alpha Component" : 1,
    "Green Component" : 0.17254901960800001
  },
  "Ansi 9 Color" : {
    "Red Component" : 0.85490196078431369,
    "Color Space" : "sRGB",
    "Blue Component" : 0.43137254901960786,
    "Alpha Component" : 1,
    "Green Component" : 0.40784313725490196
  },
  "Transparency" : 0.29690941343916222,
  "Rows" : 24,
  "Default Bookmark" : "No",
  "Guid" : "6E243281-0C98-4B01-85CD-227B351BB724",
  "Cursor Guide Color" : {
    "Red Component" : 0.19215686274499999,
    "Color Space" : "Calibrated",
    "Blue Component" : 0.25098039215700002,
    "Alpha Component" : 0.25,
    "Green Component" : 0.211764705882
  },
  "Non-ASCII Anti Aliased" : true,
  "Use Bright Bold" : true,
  "Ansi 10 Color" : {
    "Red Component" : 0.65490196078431373,
    "Color Space" : "sRGB",
    "Blue Component" : 0.54509803921568623,
    "Alpha Component" : 1,
    "Green Component" : 0.79607843137254897
  },
  "Icon" : 1,
  "Ambiguous Double Width" : false,
  "Jobs to Ignore" : [
    "rlogin",
    "ssh",
    "slogin",
    "telnet"
  ],
  "Ansi 15 Color" : {
    "Red Component" : 0.86274509803900001,
    "Color Space" : "Calibrated",
    "Blue Component" : 0.89411764705899999,
    "Alpha Component" : 1,
    "Green Component" : 0.87450980392199995
  },
  "Foreground Color" : {
    "Red Component" : 0.86813240737819797,
    "Color Space" : "sRGB",
    "Blue Component" : 0.91337013244628906,
    "Alpha Component" : 1,
    "Green Component" : 0.88593968619577046
  },
  "Bound Hosts" : [

  ],
  "Working Directory" : "\/Users\/saifkazi",
  "Blinking Cursor" : false,
  "Disable Window Resizing" : true,
  "Sync Title" : false,
  "Prompt Before Closing 2" : false,
  "BM Growl" : true,
  "Command" : "",
  "Description" : "Default",
  "Smart Cursor Color" : false,
  "Mouse Reporting" : true,
  "Screen" : -1,
  "Selection Color" : {
    "Red Component" : 0.27843137254900002,
    "Color Space" : "Calibrated",
    "Blue Component" : 0.364705882353,
    "Alpha Component" : 1,
    "Green Component" : 0.30588235294100002
  },
  "Only The Default BG Color Uses Transparency" : true,
  "Columns" : 80,
  "Idle Code" : 0,
  "Background Image Mode" : 0,
  "Ansi 13 Color" : {
    "Red Component" : 0.77647058823500004,
    "Color Space" : "Calibrated",
    "Blue Component" : 0.86666666666699999,
    "Alpha Component" : 1,
    "Green Component" : 0.47058823529400001
  },
  "Custom Command" : "No",
  "ASCII Anti Aliased" : true,
  "Non Ascii Font" : "Monaco 12",
  "Vertical Spacing" : 1,
  "Use Bold Font" : true,
  "Option Key Sends" : 0,
  "Selected Text Color" : {
    "Red Component" : 0.86274509803900001,
    "Color Space" : "Calibrated",
    "Blue Component" : 0.89411764705899999,
    "Alpha Component" : 1,
    "Green Component" : 0.87450980392199995
  },
  "Background Color" : {
    "Red Component" : 0.14830522958129677,
    "Color Space" : "sRGB",
    "Blue Component" : 0.18715214729309082,
    "Alpha Component" : 1,
    "Green Component" : 0.16237441115179516
  },
  "Character Encoding" : 4,
  "Ansi 11 Color" : {
    "Red Component" : 0.89803921568599998,
    "Color Space" : "Calibrated",
    "Blue Component" : 0.48235294117600003,
    "Alpha Component" : 1,
    "Green Component" : 0.75294117647100001
  },
  "Use Italic Font" : true,
  "Unlimited Scrollback" : false,
  "Keyboard Map" : {
    "0xf700-0x260000" : {
      "Action" : 10,
      "Text" : "[1;6A"
    },
    "0x37-0x40000" : {
      "Action" : 11,
      "Text" : "0x1f"
    },
    "0x32-0x40000" : {
      "Action" : 11,
      "Text" : "0x00"
    },
    "0xf709-0x20000" : {
      "Action" : 10,
      "Text" : "[17;2~"
    },
    "0xf70c-0x20000" : {
      "Action" : 10,
      "Text" : "[20;2~"
    },
    "0xf729-0x20000" : {
      "Action" : 10,
      "Text" : "[1;2H"
    },
    "0xf72b-0x40000" : {
      "Action" : 10,
      "Text" : "[1;5F"
    },
    "0xf705-0x20000" : {
      "Action" : 10,
      "Text" : "[1;2Q"
    },
    "0xf703-0x260000" : {
      "Action" : 10,
      "Text" : "[1;6C"
    },
    "0xf700-0x220000" : {
      "Action" : 10,
      "Text" : "[1;2A"
    },
    "0xf701-0x280000" : {
      "Action" : 11,
      "Text" : "0x1b 0x1b 0x5b 0x42"
    },
    "0x38-0x40000" : {
      "Action" : 11,
      "Text" : "0x7f"
    },
    "0x33-0x40000" : {
      "Action" : 11,
      "Text" : "0x1b"
    },
    "0xf703-0x220000" : {
      "Action" : 10,
      "Text" : "[1;2C"
    },
    "0xf701-0x240000" : {
      "Action" : 10,
      "Text" : "[1;5B"
    },
    "0xf70d-0x20000" : {
      "Action" : 10,
      "Text" : "[21;2~"
    },
    "0xf702-0x260000" : {
      "Action" : 10,
      "Text" : "[1;6D"
    },
    "0xf729-0x40000" : {
      "Action" : 10,
      "Text" : "[1;5H"
    },
    "0xf706-0x20000" : {
      "Action" : 10,
      "Text" : "[1;2R"
    },
    "0x34-0x40000" : {
      "Action" : 11,
      "Text" : "0x1c"
    },
    "0xf700-0x280000" : {
      "Action" : 11,
      "Text" : "0x1b 0x1b 0x5b 0x41"
    },
    "0x2d-0x40000" : {
      "Action" : 11,
      "Text" : "0x1f"
    },
    "0xf70e-0x20000" : {
      "Action" : 10,
      "Text" : "[23;2~"
    },
    "0xf702-0x220000" : {
      "Action" : 10,
      "Text" : "[1;2D"
    },
    "0xf703-0x280000" : {
      "Action" : 11,
      "Text" : "0x1b 0x1b 0x5b 0x43"
    },
    "0xf700-0x240000" : {
      "Action" : 10,
      "Text" : "[1;5A"
    },
    "0xf707-0x20000" : {
      "Action" : 10,
      "Text" : "[1;2S"
    },
    "0xf70a-0x20000" : {
      "Action" : 10,
      "Text" : "[18;2~"
    },
    "0x35-0x40000" : {
      "Action" : 11,
      "Text" : "0x1d"
    },
    "0xf70f-0x20000" : {
      "Action" : 10,
      "Text" : "[24;2~"
    },
    "0xf703-0x240000" : {
      "Action" : 10,
      "Text" : "[1;5C"
    },
    "0xf701-0x260000" : {
      "Action" : 10,
      "Text" : "[1;6B"
    },
    "0xf702-0x280000" : {
      "Action" : 11,
      "Text" : "0x1b 0x1b 0x5b 0x44"
    },
    "0xf72b-0x20000" : {
      "Action" : 10,
      "Text" : "[1;2F"
    },
    "0x36-0x40000" : {
      "Action" : 11,
      "Text" : "0x1e"
    },
    "0xf708-0x20000" : {
      "Action" : 10,
      "Text" : "[15;2~"
    },
    "0xf701-0x220000" : {
      "Action" : 10,
      "Text" : "[1;2B"
    },
    "0xf70b-0x20000" : {
      "Action" : 10,
      "Text" : "[19;2~"
    },
    "0xf702-0x240000" : {
      "Action" : 10,
      "Text" : "[1;5D"
    },
    "0xf704-0x20000" : {
      "Action" : 10,
      "Text" : "[1;2P"
    }
  },
  "Window Type" : 0,
  "Blur Radius" : 30.029862424160573,
  "Cursor Boost" : 0,
  "Background Image Location" : "",
  "Blur" : true,
  "Badge Color" : {
    "Red Component" : 1,
    "Color Space" : "Calibrated",
    "Blue Component" : 0,
    "Alpha Component" : 0.5,
    "Green Component" : 0
  },
  "Scrollback Lines" : 1000,
  "Send Code When Idle" : false,
  "Close Sessions On End" : true,
  "Terminal Type" : "xterm-256color",
  "Visual Bell" : true,
  "Flashing Bell" : false,
  "Silence Bell" : false,